{
    "train_loss": [
        0.4324394499026859,
        0.2943839572761184,
        0.24118895187649622,
        0.1841895203851402,
        0.12457289853909562,
        0.07140406782806835,
        0.035128328305276804,
        0.01673890859074652,
        0.00805810464143028,
        0.00569267134362815
    ],
    "validation loss": [
        0.36,
        0.28,
        0.24,
        0.17,
        0.1,
        0.05,
        0.02,
        0.01,
        0.01,
        0.01
    ],
    "test_loss": 6.768334816935604e-05,
    "test_loss_permute": 6.768332531481432e-05
}